{
  "south": 33.688991957225205,
  "west": 73.08264317147605,
  "north": 33.894074978836194,
  "east": 73.39576838115906
}